<?xml version="1.0" encoding="utf-8" ?>
<!-- Copyright Yahoo. Licensed under the terms of the Apache 2.0 license. See LICENSE in the project root. -->
<services version="1.0" xmlns:deploy="vespa" xmlns:preprocess="properties">
    <container id="default" version="1.0">
        <document-api/>
        <search/>
        <nodes>
            <node hostalias="node1"/>
        </nodes>
    </container>
    <content id="content_default" version="1.0">
        <redundancy>2</redundancy>
        <documents>
            <document type="vespa_dummy_schema" mode="index"/>
        </documents>
        <nodes>
            <node hostalias="node1" distribution-key="0"/>
        </nodes>
    </content>
</services>